number,value,datetime_start,datetime_complete,duration,params_colsample_bytree,params_learning_rate,params_max_depth,params_min_child_samples,params_n_estimators,params_num_leaves,params_reg_alpha,params_reg_lambda,params_subsample,state
0,10.570094090291372,2026-08-04 09:52:37.445936,2026-08-04 09:52:50.508391,0 days 00:00:13.062455,0.9456632355356991,0.016857757581674203,7,77,995,119,5.9242712795394216e-08,8.030927879685228e-08,0.8554772253956244,COMPLETE
1,12.84172489956943,2026-08-04 09:52:50.508391,2026-08-04 09:52:56.208630,0 days 00:00:05.700239,0.8919159773166396,0.0064993407208993655,12,47,253,18,1.0451922070667678e-06,0.5129204626586624,0.7506739480197377,COMPLETE
2,10.356460405587697,2026-08-04 09:52:56.208630,2026-08-04 09:53:08.264334,0 days 00:00:12.055704,0.8170142723321523,0.005319671839887569,4,38,1004,89,0.10772189189058695,0.08516136135200598,0.8776014868323638,COMPLETE
3,10.620862932792493,2026-08-04 09:53:08.264334,2026-08-04 09:53:24.000200,0 days 00:00:15.735866,0.6951290334596816,0.01050112054664878,5,67,1443,88,3.599876508300162,1.927559139024388e-05,0.748429336720402,COMPLETE
4,10.533086164868001,2026-08-04 09:53:24.000200,2026-08-04 09:53:29.802362,0 days 00:00:05.802162,0.8889979575007818,0.029183896774020997,6,73,461,99,0.00045620964687876454,0.022291443529849853,0.9246362318031031,COMPLETE
5,10.36813471754368,2026-08-04 09:53:29.802362,2026-08-04 09:53:36.695430,0 days 00:00:06.893068,0.8611944078190643,0.04555311790397141,5,9,340,82,2.914798167496304e-07,1.1793860923617925,0.7974802675480207,COMPLETE
6,10.505599149555927,2026-08-04 09:53:36.695430,2026-08-04 09:53:41.267299,0 days 00:00:04.571869,0.772433647232929,0.014834045316247123,5,54,297,54,8.978430343377339e-07,9.083497583962866e-07,0.7245405853167348,COMPLETE
7,10.618756994920487,2026-08-04 09:53:41.267299,2026-08-04 09:53:47.032008,0 days 00:00:05.764709,0.6238447299246206,0.019334007606118312,12,75,325,102,2.2929235289119825e-06,1.2911712489748168,0.8546548697415981,COMPLETE
8,10.043869443195444,2026-08-04 09:53:47.032008,2026-08-04 09:54:20.415396,0 days 00:00:33.383388,0.9332440239513583,0.005864592073811903,8,27,1123,24,0.0011233182503285607,1.9935402394426262e-07,0.9799931074614268,COMPLETE
9,10.428821405079098,2026-08-04 09:54:20.415396,2026-08-04 09:54:23.825063,0 days 00:00:03.409667,0.9914960184358236,0.06010789090075043,3,66,512,57,0.0017916911872583256,3.1993350991632935e-06,0.9439758428975811,COMPLETE
10,10.438851193592882,2026-08-04 09:54:23.825063,2026-08-04 09:54:48.907761,0 days 00:00:25.082698,0.724401178242023,0.08801841651168663,9,5,1479,16,8.350067378259197e-05,0.0005676709827299892,0.6108399499244397,COMPLETE
11,10.07534827553863,2026-08-04 09:54:48.907761,2026-08-04 09:55:24.160887,0 days 00:00:35.253126,0.8128419650514921,0.005199005869157917,9,28,1060,45,0.18092955179293682,0.0005516701930253713,0.947070241352288,COMPLETE
12,10.028482675344,2026-08-04 09:55:24.160887,2026-08-04 09:56:02.373501,0 days 00:00:38.212614,0.9494403222227046,0.00822553616626522,9,26,1089,39,0.05564178629173635,1.5068704162100314e-08,0.9845877429243689,COMPLETE
13,9.970739472038547,2026-08-04 09:56:02.373501,2026-08-04 09:56:37.029211,0 days 00:00:34.655710,0.9900228774589185,0.009741151542839183,9,27,1209,35,0.01142849491385312,1.1053403454287736e-08,0.9888182725706645,COMPLETE
14,10.632767618690929,2026-08-04 09:56:37.029211,2026-08-04 09:56:57.244699,0 days 00:00:20.215488,0.9999476148579173,0.009440036697146735,10,99,1242,39,0.03814848547880872,1.888438804712047e-08,0.9947577326280309,COMPLETE
15,10.35431520564324,2026-08-04 09:56:57.244699,2026-08-04 09:57:20.612797,0 days 00:00:23.368098,0.9445682843176373,0.009751341767921739,10,21,789,69,5.8350102543899585,3.212772089328167e-08,0.9999178972393927,COMPLETE
16,10.156260771358935,2026-08-04 09:57:20.612797,2026-08-04 09:57:49.722032,0 days 00:00:29.109235,0.9622690253369254,0.024789348441583977,11,17,724,32,0.00947047589692996,1.0414900854281791e-08,0.9019200094657651,COMPLETE
17,10.139815908474668,2026-08-04 09:57:49.722032,2026-08-04 09:58:13.248579,0 days 00:00:23.526547,0.9003886519875662,0.013189726889155396,8,40,1295,61,6.887906815654969e-05,7.375493359536782e-06,0.9532975330020876,COMPLETE
18,10.154281179295497,2026-08-04 09:58:13.248579,2026-08-04 09:58:31.332767,0 days 00:00:18.084188,0.8500242545078867,0.00769629843134837,7,33,820,42,0.7243886591324097,5.680233985051929e-07,0.8937215726707407,COMPLETE
19,10.38982564304881,2026-08-04 09:58:31.332767,2026-08-04 09:58:58.686374,0 days 00:00:27.353607,0.9805137054338894,0.012091557355450191,10,51,1316,70,0.019530879664961483,3.276793443037023e-05,0.8112909415826335,COMPLETE
20,10.11409061576683,2026-08-04 09:58:58.686374,2026-08-04 09:59:27.118204,0 days 00:00:28.431830,0.913180797287978,0.007369687020839923,8,17,917,32,1.6895146505132163e-05,1.3422944633871954e-07,0.9652607977004315,COMPLETE
21,10.107346764504546,2026-08-04 09:59:27.118204,2026-08-04 09:59:54.750702,0 days 00:00:27.632498,0.9390155915367507,0.0076396064907367795,8,25,1128,25,0.0016988347194986163,2.8216954226763364e-07,0.99507474049753,COMPLETE
22,10.121303181604327,2026-08-04 09:59:54.750702,2026-08-04 10:00:23.909282,0 days 00:00:29.158580,0.9275766324054471,0.0061740098693433484,9,31,1169,27,0.0038566313158639354,1.1305714091653051e-08,0.9666831884836583,COMPLETE
23,10.126528262381925,2026-08-04 10:00:23.909282,2026-08-04 10:01:00.133019,0 days 00:00:36.223737,0.9684748837976705,0.009035640487280776,7,15,1168,49,0.0005474676544253604,1.399950536208292e-06,0.9222019791866829,COMPLETE
24,10.183682475047805,2026-08-04 10:01:00.133019,2026-08-04 10:01:34.382166,0 days 00:00:34.249147,0.8788074499067933,0.012498002975443769,11,39,1390,35,0.07651384262301313,9.69414941541343e-08,0.974243754450091,COMPLETE
25,10.2073324069967,2026-08-04 10:01:34.382166,2026-08-04 10:02:00.854767,0 days 00:00:26.472601,0.9218935746085503,0.005003907967874879,9,26,942,24,0.4556549787277392,7.449943019540989e-08,0.9321348332512144,COMPLETE
26,10.37048111658359,2026-08-04 10:02:00.854767,2026-08-04 10:02:18.949498,0 days 00:00:18.094731,0.9714649600877093,0.01891304680294237,8,46,1120,15,0.013076266129017957,3.218965050555076e-07,0.9134438302410027,COMPLETE
27,10.221235557833806,2026-08-04 10:02:18.949498,2026-08-04 10:02:44.507305,0 days 00:00:25.557807,0.8320664244854915,0.006556728471951943,11,33,656,49,0.0001214414882385518,8.40179809143379e-05,0.9789113093978895,COMPLETE
28,9.951988481309067,2026-08-04 10:02:44.507305,2026-08-04 10:03:21.532818,0 days 00:00:37.025513,0.9548917225228989,0.01100201149892206,6,12,1252,40,0.9789112065499632,4.203522922312533e-08,0.6023021232635908,COMPLETE
29,10.095592791360145,2026-08-04 10:03:21.532818,2026-08-04 10:03:54.626975,0 days 00:00:33.094157,0.9587619675841382,0.016318498644464535,6,11,1253,122,1.0163376282881482,4.61259265903201e-08,0.6031988733838188,COMPLETE
